Rank,Name,Points
1,saahilsud,"1,353,710"
2,youdacao,"723,017"
3,ehafner,"700,929"
4,scout326,"662,355"
5,papagates,"600,732"
6,ChipotleAddict,"584,447"
7,Theclone,"427,505"
8,awesemo,"356,707"
9,AssaniFisher,"346,725"
10,aejones,"291,723"
11,draftcheat,"267,235"
12,jae686,"226,350"
13,mbomb44,"209,020"
14,ocdobv,"207,978"
15,AshyL4rry,"204,856"
16,SamENole,"188,958"
17,shawnzhan,"187,262"
18,peteyt,"187,182"
19,csuram88,"184,510"
20,fallfromgrace,"171,085"
21,Dahladino,"170,572"
22,jhorst52,"169,857"
23,BirdWings,"165,485"
24,emitnulB,"164,978"
25,meansy53,"162,427"
26,theseige,"156,006"
27,BigT44,"151,819"
28,squirrelpatrol,"151,533"
29,McJester,"146,655"
30,cubsfan333,"143,510"
31,jakz101,"142,384"
32,shocae,"141,384"
33,boggslite,"138,936"
34,chess_is_ok,"138,860"
35,mavs78,"138,396"
36,bric75,"129,312"
37,condia,"128,455"
38,Troll4MVP,"128,209"
39,DollarBill,"127,206"
40,Rotomania,"127,161"
41,TeeJayOrTJ,"127,009"
42,BRANDONADAMS,"123,729"
43,biggameaims,"123,429"
44,dinkpiece,"121,951"
45,moklovin,"119,905"
46,stlcardinals84,"117,990"
47,Daut44,"116,817"
48,joane27,"114,188"
49,Wining247,"111,976"
50,TinkyTyler,"110,742"
51,gunz4hire,"108,333"
52,garbage9922,"108,052"
53,00oreo00,"107,028"
54,zzzimsleeping,"106,392"
55,MakeItRain84,"106,242"
56,gnightmoon,"103,250"
57,alsmizzle,"102,936"
58,Lowkey,"101,808"
59,Capri,"101,787"
60,drolson22,"99,750"
61,jordanh415,"98,448"
62,BobbyFi,"98,312"
63,windchimesrrude,"98,233"
64,gosixersgo76,"97,755"
65,Kcannon,"97,534"
66,sirmalcolm,"97,284"
67,joekali,"93,941"
68,JL003,"87,230"
69,madoublet98,"87,044"
70,micahj10,"86,458"
71,Notorious,"85,882"
72,MJordan23,"84,646"
73,BDholla89,"83,703"
74,PetrGibbons,"83,314"
75,dsmiller61,"81,841"
76,davemoon,"81,044"
77,fsunole64,"80,964"
78,ThatStunna,"80,909"
79,banders234,"80,811"
80,nawmsayin,"80,449"
81,lpk8787,"80,187"
82,kirkdiese,"79,224"
83,Ryazan,"79,040"
84,Paulyshorts,"78,694"
85,hoop2410,"78,507"
86,cone999,"77,172"
87,JeffElJefe,"76,950"
88,anilprao88,"75,866"
89,tommyg1979,"74,819"
90,tom12345,"74,443"
91,dysxelic,"73,804"
92,rayzethesky,"73,577"
93,JumpaHoo,"73,221"
94,reztes757,"72,494"
95,zoltar912,"71,406"
96,CheeseIsGood,"69,223"
97,butler2222,"68,687"
98,fjbourne,"68,534"
99,BlakeL34,"67,870"
100,shanksalot,"67,838"
101,CaptainKirk12,"67,227"
102,bhy101,"66,906"
103,brpunkrmax,"66,348"
104,petteytheft89,"65,814"
105,BeepImaJeep,"65,355"
106,bidle,"65,174"
107,idontluvdemhos,"64,665"
108,dudeoflife,"64,520"
109,russelld07,"64,174"
110,gr8danser,"63,799"
111,flavorflav,"63,644"
112,Michigankevin,"63,578"
113,kidnotor,"62,756"
114,ackarmasports,"61,322"
115,beez1973,"61,186"
116,Millikan,"60,871"
117,Meatacus,"59,984"
118,headChopper,"59,344"
119,getchia,"59,254"
120,keg4540,"58,672"
121,ToeTagginTambo,"58,482"
122,CZYX,"58,163"
123,ckamins87,"58,151"
124,blitzology,"58,072"
125,Jazzraz,"57,972"
126,beast8812,"57,805"
127,jeffylube,"57,535"
128,jrake,"57,167"
129,theinfamouslaugh,"56,961"
130,jimmie23,"56,257"
131,Rrjesq,"55,400"
132,Cal,"55,394"
133,Shipmymoney,"55,385"
134,dwick2999,"55,170"
135,endzonedance23,"54,878"
136,golferdude31,"54,533"
137,e4e5nf3nc6,"54,124"
138,ianj300,"53,864"
139,Jrh002,"53,727"
140,ChrisGimino,"53,612"
141,lozingitall,"53,035"
142,Punisher09,"52,784"
143,biglucky,"52,679"
144,deejayndchi,"51,544"
145,ksiedes,"50,251"
146,jourgensen,"49,805"
147,Tolpeko,"49,677"
148,jilesofthetrees,"49,423"
149,TEAMAMERICA79,"49,394"
150,dean78904,"48,918"
151,drewcasper,"48,876"
152,3rdDFS,"48,806"
153,MagicSportsGuy,"48,704"
154,MrTuttle05,"48,558"
155,janxon007,"48,452"
156,mickeykid22,"48,431"
157,AVirk51,"48,400"
158,chickenhawk17,"48,012"
159,Stonesalltheway,"47,952"
160,JimmyJane,"47,536"
161,longbottoms,"47,495"
162,Gateman07,"47,124"
163,cinthree,"46,988"
164,maineventers,"46,667"
165,kwob20,"46,375"
166,Petec0525,"46,055"
167,CP1,"45,919"
168,Boweryomama,"45,758"
169,Erocksya2,"45,506"
170,bluecrew07,"45,354"
171,CapHindsight,"45,341"
172,one_eyed_guy,"45,307"
173,pmsimkins,"45,053"
174,mjordantmac,"44,752"
175,draftcharts,"44,713"
176,cylusballin,"44,709"
177,winvestmentsinc,"44,704"
178,Ricky5chs,"44,670"
179,testosterown,"44,627"
180,jd0505,"44,187"
181,escot4,"43,997"
182,flames0099,"43,968"
183,zyux9901,"43,803"
184,ShowMeTheMoney,"43,625"
185,Jon Bales,"43,569"
186,MODHM99,"43,482"
187,ButBongoFiesta,"43,453"
188,monds6,"43,272"
189,AP4Pres,"42,091"
190,zackd2542,"41,965"
191,Hskr54,"41,906"
192,Mariob888,"41,799"
193,donkosaurus,"41,582"
194,Hailskinz1,"41,521"
195,dre87,"41,469"
196,tfbelongia,"41,387"
197,19massey89,"41,256"
198,blitz1016,"41,093"
199,n553887,"40,804"
200,wavesweb,"40,682"
201,db730,"40,526"
202,Gmoney1026,"40,375"
203,mavngoose,"40,313"
204,franciscolora,"40,246"
205,MaverickUSC,"40,060"
206,jimmy1430,"40,025"
207,Niketwp,"39,782"
208,a25smith,"39,712"
209,icerange522,"39,466"
210,devobrain,"39,455"
211,Bglezerman,"39,350"
212,EMSBRO,"39,317"
213,TwoSHAE,"39,289"
214,rotomonkey83,"39,139"
215,Barrique99,"39,052"
216,dcfantasysports,"38,871"
217,PittsburghPaymentPlan,"38,840"
218,loured,"38,755"
219,kratom,"38,738"
220,shambles,"38,702"
221,LeftyE33,"38,554"
222,Pats7914,"38,548"
223,got_milt,"38,438"
224,BRORANNOSAURUS_FLEX,"38,266"
225,Superbowlhomeboy,"38,167"
226,clarkgriswold,"38,112"
227,moneymatus,"37,750"
228,rhino2424,"37,714"
229,centaur83,"37,689"
230,bmcgeever,"37,663"
231,pjm11,"37,572"
232,ababygirl,"37,375"
233,elindy4,"37,287"
234,513yoshi,"37,202"
235,jimmyrad,"37,193"
236,Escotch,"36,823"
237,1ucror,"36,706"
238,WhiskeyTavon4,"36,556"
239,Rigby,"36,536"
240,klovegreen,"36,497"
241,samdolee81,"36,413"
242,ehlowel,"36,208"
243,wu36,"36,171"
244,Garydpsu,"36,166"
245,geotico,"36,013"
246,Mallen21,"35,962"
247,TonyDWPT,"35,913"
248,plymouth96,"35,899"
249,goferal,"35,813"
250,hedzup,"35,663"
251,Fifthace,"35,610"
252,Ainmhithe,"35,583"
253,mxschnittker,"35,449"
254,aboveandbeyond,"35,322"
255,joemarino27,"35,267"
256,theoddsmaker,"35,023"
257,jscarfino,"34,544"
258,BaltimorePolice,"34,541"
259,mjgsimpson,"34,528"
260,poppaspicks,"34,307"
261,abragmania,"34,293"
262,thewrongguy,"34,285"
263,Niromada,"34,262"
264,billybebop57,"34,246"
265,kia12345678,"34,244"
266,wemo,"34,173"
267,mberkowi,"34,017"
268,BBROCK,"33,890"
269,ZARR,"33,872"
270,viewfromtop,"33,781"
271,ArtVandelay,"33,751"
272,Ryanfour1637,"33,545"
273,Socrdave,"33,366"
274,sandstorm,"33,333"
275,TeamMisanthrope,"33,324"
276,alomar15,"33,293"
277,vengven,"33,152"
278,awk134,"33,124"
279,knickgilman,"33,046"
280,tspiedo,"32,998"
281,Grind12344,"32,841"
282,jsarina3,"32,635"
283,abe_chernin,"32,570"
284,mlbsyndicate,"32,520"
285,chuckyduce,"32,520"
286,evanpro13,"32,516"
287,fastdontlie13,"32,514"
288,SportsFront,"32,469"
289,jpecanac,"32,243"
290,livecasebreak,"32,206"
291,AmateurHr,"32,068"
292,benbell23,"31,932"
293,biener,"31,898"
294,feartheturtle,"31,852"
295,emptypoker,"31,827"
296,Honnow12,"31,810"
297,TeamNAI,"31,723"
298,jepst14,"31,691"
299,Fortay76,"31,517"
300,Juggernautzd,"31,504"
301,uncleberms,"31,439"
302,tomcecil,"31,399"
303,Atwood19,"31,341"
304,MD0530,"31,326"
305,cgib34,"31,227"
306,afwx2002,"31,187"
307,darcmaniluk,"31,089"
308,siccjay,"30,994"
309,Shaner1,"30,966"
310,FalkRoss,"30,949"
311,schmalz5,"30,945"
312,PhoneSurgeons,"30,835"
313,Bigo1,"30,726"
314,donnybasbl,"30,717"
315,brutalmaster,"30,695"
316,ATLSoulchild,"30,656"
317,swedishchef,"30,649"
318,LihaiAg06,"30,625"
319,sboyerii,"30,542"
320,elicopterboy,"30,527"
321,old_T,"30,514"
322,foofighters1977,"30,387"
323,Enlightenmint,"30,354"
324,chizzle17,"29,931"
325,Rayrock215,"29,919"
326,q80minouma,"29,876"
327,Thebigtizzle,"29,800"
328,lvsmanhole,"29,687"
329,oarena,"29,678"
330,qutgnt,"29,648"
331,dictator_teddy,"29,588"
332,Scorpio71,"29,564"
333,heibs22,"29,543"
334,JayWilly,"29,518"
335,RamboFantasySports,"29,362"
336,smitty42,"29,192"
337,naapstermaan,"29,158"
338,ebjosic,"29,076"
339,JayJigga,"29,069"
340,ClevelandPhil,"28,946"
341,drafthero2015,"28,935"
342,eppy12588,"28,916"
343,zshoom,"28,911"
344,Keith3101,"28,905"
345,Cuddy120,"28,834"
346,thinair,"28,628"
347,blackout8,"28,621"
348,homercles,"28,320"
349,Reggiesrun,"28,299"
350,superstars92,"28,295"
351,a_birdie_a_day,"28,244"
352,brianguy49er,"28,134"
353,chitownfrenze,"28,103"
354,Danwise,"28,083"
355,mypoorjets,"27,997"
356,kglenn2986,"27,986"
357,mblaylock10,"27,847"
358,rwalkersc,"27,813"
359,TheTakeOVER,"27,649"
360,broncs4sb,"27,604"
361,bleedgreen92,"27,481"
362,colinwdrew,"27,477"
363,newynewstrom,"27,392"
364,bluestem89,"27,340"
365,Knocturnal,"27,326"
366,Yolkix,"27,326"
367,Runj,"27,203"
368,goners,"27,187"
369,smckeown,"27,147"
370,g_ryan,"27,085"
371,mrhaha,"27,046"
372,fdapo,"27,008"
373,chetames,"26,933"
374,CashMonet,"26,822"
375,Deagan,"26,715"
376,Loughy,"26,707"
377,zachj,"26,570"
378,jimdole,"26,497"
379,chad001,"26,492"
380,IamPGM,"26,413"
381,Zieg30,"26,394"
382,Turf_War,"26,322"
383,dukedog71,"26,285"
384,kfalik,"26,270"
385,ektdar,"26,232"
386,donkshow,"26,218"
387,zeechamp,"26,171"
388,marcwdc,"26,137"
389,Voltzwagon,"26,100"
390,kcchiefsfan73,"26,073"
391,polskamorda,"26,058"
392,whiterock,"26,037"
393,Frasig80,"26,020"
394,carolucy,"25,992"
395,tlav85,"25,967"
396,Kcjhawk3,"25,948"
397,deejones49,"25,803"
398,TheFFOracle,"25,764"
399,Pinkunicorn,"25,752"
400,rvmpj10,"25,670"
401,soobv,"25,474"
402,Loubk,"25,434"
403,sterno11178,"25,413"
404,deathinvoker,"25,401"
405,JaWalrusRuffles,"25,354"
406,Yukerboy,"25,349"
407,alexanderbricks,"25,333"
408,compdoctor,"25,201"
409,ATeam,"25,192"
410,MFord108,"25,150"
411,stv1313,"25,128"
412,kkrogs01,"24,941"
413,Bjollyag123,"24,927"
414,spundin,"24,925"
415,brewcrew8,"24,873"
416,bringemvaught,"24,867"
417,PhillyPhan007,"24,830"
418,magicp18,"24,812"
419,mdviox,"24,788"
420,cdestela,"24,787"
421,btwice80,"24,670"
422,klhbui,"24,542"
423,graceshawn,"24,528"
424,Bolwellb,"24,484"
425,neal1483,"24,455"
426,mcarthuw,"24,435"
427,nexus,"24,389"
428,jlowery73,"24,372"
429,JayKooks,"24,365"
430,sambo58,"24,342"
431,fediganattheshore,"24,338"
432,eritas,"24,139"
433,ubrcuilnsa,"24,125"
434,jr1886,"24,092"
435,Hadude09,"24,062"
436,MickyD10970,"24,059"
437,geemerboy,"24,046"
438,Dunnzilla,"23,951"
439,motownmauler,"23,928"
440,Halman,"23,885"
441,jseating,"23,812"
442,Meddy1523,"23,741"
443,chrisduffy543,"23,730"
444,Altai,"23,709"
445,Skipbidder,"23,696"
446,spondulix01,"23,667"
447,ronnymor2,"23,662"
448,carmo456,"23,646"
449,Mangone,"23,616"
450,isithim28,"23,597"
451,Bjhaughey,"23,570"
452,916sactown916,"23,539"
453,kingtrout,"23,524"
454,thrtyftj,"23,496"
455,bjk121,"23,483"
456,bigmel911,"23,475"
457,wwhodatxliv,"23,447"
458,UNCLERICO778,"23,376"
459,RoofingMan,"23,248"
460,rcolosimo5,"23,246"
461,mc1111684,"23,214"
462,jeld33,"23,137"
463,nsilver1,"22,953"
464,macjohnny83,"22,893"
465,baloguna,"22,856"
466,coming_up_short,"22,841"
467,ktrautve,"22,790"
468,Daj5mg,"22,750"
469,bpoe13,"22,739"
470,tjmontan,"22,728"
471,Spaventoso,"22,713"
472,leonem,"22,670"
473,jabronimeister,"22,634"
474,clayton24,"22,629"
475,chargers1221,"22,619"
476,klink,"22,527"
477,csmaniac,"22,487"
478,mpasqurell,"22,443"
479,coqburn,"22,438"
480,daniel5r,"22,385"
481,saczilla,"22,358"
482,Hubeihammer,"22,349"
483,mooseHAMMER78,"22,288"
484,KaiBang,"22,271"
485,kraz83,"22,258"
486,alwayspicking1,"22,205"
487,GHO2,"22,194"
488,stevietpfl,"22,155"
489,radthad954,"22,113"
490,Guzzi52314,"22,062"
491,Nashers,"22,040"
492,BleedORANGE,"22,009"
493,rolltidechamps,"22,009"
494,schmoe330,"21,934"
495,rendulix,"21,868"
496,ptskills,"21,843"
497,willyp133,"21,780"
498,Redsfan9,"21,770"
499,PunchingDonkeys,"21,762"
500,Hazmat,"21,757"
501,BigLosingBear,"21,733"
502,fhlbtrs,"21,695"
503,EggsAnyStyle,"21,684"
504,kawhisenberg,"21,652"
505,achenbach1,"21,615"
506,ffganzinator,"21,589"
507,JMToWin,"21,513"
508,ihaveareputation,"21,478"
509,GoMaizeGoBlue,"21,469"
510,jkidd1084,"21,466"
511,mikemc,"21,460"
512,thehumanraindelay,"21,450"
513,jayboo17,"21,391"
514,LuckyPapa,"21,349"
515,craftylefty,"21,339"
516,kypark01,"21,316"
517,thepickler,"21,316"
518,Baumers,"21,300"
519,emac,"21,228"
520,jpligon75,"21,208"
521,nsmafia,"21,110"
522,jgallagher80,"21,091"
523,msiler10,"21,081"
524,prezvxk,"21,042"
525,rex21023,"21,009"
526,pokerlogic,"20,997"
527,forcewithme,"20,989"
528,Bay101,"20,959"
529,mbaggia08,"20,933"
530,doller7,"20,918"
531,dakimbell,"20,869"
532,walkoff9,"20,865"
533,thx4urchips,"20,850"
534,hotmajik,"20,839"
535,bsize30,"20,836"
536,Jcaljr88,"20,834"
537,Milo741,"20,814"
538,swashington1353,"20,797"
539,ElwaysArmy,"20,785"
540,Buckingham21,"20,753"
541,BigPasta,"20,737"
542,bonuscash,"20,713"
543,wilco999,"20,712"
544,smallANDflaccid,"20,678"
545,jegro21,"20,672"
546,cjack51,"20,663"
547,cjs5555,"20,659"
548,bklucky13,"20,650"
549,myslinme,"20,627"
550,marcfortunato5,"20,614"
551,Mlz29,"20,560"
552,ThebigLombardi,"20,490"
553,Nikobellic99,"20,488"
554,DraftDemon,"20,459"
555,dabramahbull,"20,457"
556,JoeyG113,"20,333"
557,rickgrimes,"20,316"
558,jun15ior,"20,232"
559,jdtrey22,"20,159"
560,shaneomiz,"20,155"
561,seducer,"20,149"
562,no1cdib,"20,144"
563,neogamer,"20,139"
564,stubbysooner77,"20,131"
565,Hatorade,"20,105"
566,Gqinxs,"20,080"
567,gliu87,"20,076"
568,leafs93,"20,071"
569,newdeebar,"20,065"
570,joeyengland98,"20,063"
571,Woodyi,"20,061"
572,supermanb8,"20,056"
573,ShooterMcGavin,"20,055"
574,deputykaro,"19,955"
575,proshares,"19,945"
576,cammc15,"19,942"
577,blizair,"19,931"
578,thehazyone,"19,926"
579,droxxodia,"19,899"
580,laurent1128,"19,896"
581,OCNRA,"19,893"
582,DHowade,"19,847"
583,Unico10,"19,838"
584,mjchan89,"19,837"
585,Charhen,"19,811"
586,albrechp,"19,672"
587,BeltWieldindad,"19,665"
588,pbarrese13,"19,661"
589,Smackalicious,"19,631"
590,srn828,"19,595"
591,ccdavisiv,"19,585"
592,Snoop15,"19,542"
593,JmoFoShoSUCKA,"19,536"
594,mamandus,"19,533"
595,bogey09,"19,510"
596,TheHaba,"19,508"
597,burgerrob13,"19,505"
598,jonconnington,"19,450"
599,Bignick79,"19,430"
600,String1971,"19,428"
601,atfrost,"19,428"
602,srk8987,"19,428"
603,buckstratford,"19,415"
604,Deelove3,"19,392"
605,ElDiablo666,"19,389"
606,1greatbuyz,"19,357"
607,Jfud81,"19,356"
608,MikeMineo,"19,286"
609,floridabulldogs,"19,178"
610,unclemonster,"19,164"
611,ChadPol5,"19,164"
612,jer4940,"19,134"
613,captcell,"19,106"
614,dlgentry25,"19,064"
615,jtbergerson,"19,064"
616,BeL0WaB0Ve,"19,053"
617,cappadon,"19,045"
618,darrow23,"19,035"
619,cuba4ever,"19,021"
620,jmammon,"19,015"
621,dlogreen,"18,974"
622,buckdirty,"18,947"
623,guindi989,"18,941"
624,brkymf32,"18,899"
625,tubbysmith,"18,867"
626,Eejaym,"18,867"
627,Rockinryno,"18,851"
628,Testudo1111,"18,846"
629,driverseati,"18,831"
630,Stewburtx8,"18,827"
631,Jah4371,"18,800"
632,James23,"18,767"
633,Thest0ne41,"18,766"
634,docpoetry,"18,762"
635,DDEVARON,"18,752"
636,nicholsan,"18,719"
637,mh726,"18,693"
638,abkessel1,"18,677"
639,solt22,"18,665"
640,captainseamus,"18,657"
641,The_Dean221,"18,601"
642,randlan,"18,592"
643,m3deman,"18,587"
644,nolaplayer,"18,545"
645,terribad,"18,503"
646,PatJZ80,"18,492"
647,18birdies,"18,466"
648,pacer314,"18,464"
649,vasava,"18,452"
650,redsox2roll,"18,444"
651,Kruzdog,"18,439"
652,dfsraani,"18,407"
653,OrdaNation,"18,376"
654,Dabears8504,"18,355"
655,thewildbuffalo,"18,354"
656,md2020wolverine,"18,345"
657,kevdudz,"18,345"
658,SWPitcher42,"18,334"
659,jcrowlonghorn,"18,311"
660,marv1906,"18,306"
661,JHubs,"18,287"
662,FantasyAlarm,"18,236"
663,jpwilkie,"18,217"
664,Mtom347,"18,215"
665,czaz,"18,215"
666,seth37iso,"18,211"
667,deadphish,"18,206"
668,coear,"18,180"
669,PapaTbama,"18,174"
670,Wieties49,"18,135"
671,Joebres38,"18,134"
672,filobeddo,"18,126"
673,gneiffer07,"18,120"
674,bohicabuddy,"18,082"
675,Sloves,"18,079"
676,andrewhansen30,"18,066"
677,k3v1n,"18,048"
678,osuryanf,"18,044"
679,bwilddd,"18,004"
680,mrplow01,"18,002"
681,showcase04,"18,002"
682,browski8,"18,001"
683,lister01,"17,954"
684,rbkiddiii,"17,953"
685,jyg1977,"17,948"
686,mrcpuguru,"17,945"
687,sasmallen,"17,922"
688,msouza706,"17,921"
689,epeng,"17,906"
690,Bkrunk,"17,895"
691,Sprizouse,"17,888"
692,iggydash,"17,885"
693,jthayesjr,"17,877"
694,reprisal,"17,857"
695,jonesinforwins,"17,850"
696,fish72292,"17,828"
697,insanity31,"17,805"
698,billsfan777,"17,796"
699,buzzsports,"17,772"
700,bennyv77,"17,762"
701,microy01,"17,732"
702,msidla,"17,716"
703,trammal11,"17,691"
704,Kevina26,"17,602"
705,SynZin,"17,585"
706,Morty33,"17,547"
707,gary8700,"17,531"
708,bertminatti,"17,450"
709,dangerb407,"17,438"
710,elreycabrito,"17,411"
711,Kwatz,"17,397"
712,tweaker66,"17,393"
713,ngurob,"17,338"
714,Joemollymax,"17,337"
715,myboyblue55,"17,337"
716,packfan990,"17,320"
717,gjsmith9801,"17,314"
718,markaw4,"17,294"
719,williewalls,"17,282"
720,kman5299,"17,268"
721,rosetown1,"17,267"
722,ctufano9,"17,262"
723,skillzxiv,"17,236"
724,RFK213,"17,234"
725,dirksen,"17,201"
726,TheKid2430,"17,197"
727,slicedbread,"17,186"
728,dark_golem,"17,186"
729,DRC2828,"17,180"
730,Jup13,"17,154"
731,sylbester,"17,141"
732,Ajp37,"17,124"
733,thepocket,"17,104"
734,phunk98,"17,088"
735,craigbengel13,"17,082"
736,kroto,"17,041"
737,fathersasquatch,"17,034"
738,Deiner10,"17,007"
739,dowjones206,"16,994"
740,pettitm,"16,992"
741,lggarruto,"16,992"
742,benjilyons,"16,978"
743,curryburrito,"16,959"
744,foppertman86,"16,947"
745,whateverworks_187,"16,933"
746,joelexa7,"16,884"
747,Jdizzy007,"16,861"
748,theheaters,"16,850"
749,thechamp,"16,817"
750,gcone8,"16,808"
751,Okcmo2003,"16,803"
752,shawn9811,"16,788"
753,djiz1010,"16,778"
754,minimeat,"16,757"
755,Mlarsen13,"16,755"
756,hondizzle,"16,752"
757,bipper2727,"16,727"
758,Clubber62,"16,709"
759,Ncstyle23,"16,680"
760,kcm1803,"16,618"
761,tmarohl,"16,615"
762,garybmw,"16,611"
763,cullyp81,"16,601"
764,mrdoft,"16,589"
765,bigskings,"16,575"
766,allduke11,"16,548"
767,crclngthdrn,"16,535"
768,ddsarkilahti,"16,530"
769,booyah72,"16,510"
770,suntzujim,"16,495"
771,DanTos22,"16,495"
772,joonbae,"16,464"
773,haamwow,"16,463"
774,Cameron,"16,455"
775,pkanan182,"16,419"
776,eae2106,"16,411"
777,whatalegend,"16,402"
778,manoftroy,"16,376"
779,huitcinq,"16,372"
780,ramster329,"16,349"
781,ZAPIAIN,"16,343"
782,poorecolin,"16,329"
783,NLFF,"16,263"
784,VPsNamedDickSuck,"16,234"
785,Mike5754,"16,234"
786,playinghayden,"16,233"
787,706813cp,"16,229"
788,kevostro1,"16,227"
789,hattrick8810,"16,217"
790,boatsandhoes82,"16,173"
791,Triton24,"16,169"
792,GolfCoach,"16,167"
793,lionssuck,"16,159"
794,Piston2x,"16,084"
795,AceKing719,"16,082"
796,beermakersfan,"16,017"
797,Thunderfats,"15,978"
798,NPitz14,"15,971"
799,jpiening,"15,954"
800,JaserD,"15,909"
801,voodoopulling,"15,894"
802,Baca81,"15,875"
803,leodaly1986,"15,872"
804,ohbhaive,"15,854"
805,Tyler245,"15,849"
806,fantasystuds,"15,841"
807,smoke22,"15,811"
808,CodeBandit,"15,799"
809,Lee1005,"15,781"
810,Scott121422,"15,758"
811,Czervik67,"15,738"
812,DoctorRoBry,"15,735"
813,SloungerWB,"15,671"
814,Daveterp55,"15,634"
815,baggageclaim,"15,627"
816,RAISEFOOOL,"15,603"
817,acekilla7676,"15,585"
818,dodger50,"15,584"
819,tommy12hill,"15,568"
820,Mjax200,"15,551"
821,killab2482,"15,546"
822,BIGBRIXEY,"15,544"
823,deerosa,"15,524"
824,ajmorstad,"15,523"
825,patmygilkey,"15,489"
826,warrior133,"15,466"
827,runtelldat,"15,461"
828,icowpres,"15,445"
829,dexter777,"15,445"
830,Jackfarmer,"15,431"
831,Rbarrett,"15,409"
832,doomsday70,"15,394"
833,adhall09,"15,366"
834,Russthabus26,"15,338"
835,nehat312,"15,336"
836,D4RTHPH4D4R,"15,334"
837,cashmmillion,"15,332"
838,SundayFunday,"15,317"
839,kckoch20,"15,315"
840,TwineTickler,"15,305"
841,Razzle11,"15,254"
842,treydru21,"15,253"
843,zoom_zoom,"15,237"
844,Duhawks93,"15,232"
845,rcub,"15,230"
846,phills41,"15,209"
847,dsawyer,"15,206"
848,nineman,"15,202"
849,phwill,"15,201"
850,jax2013,"15,180"
851,jbutlero5,"15,150"
852,cloudllc,"15,133"
853,greatwhitehope,"15,116"
854,connoiiy,"15,106"
855,qtran916,"15,087"
856,Varncass,"15,026"
857,Amarengo,"14,961"
858,ccmathes,"14,924"
859,shadygr8,"14,919"
860,Thrasher898,"14,917"
861,PigskinaBlanket,"14,908"
862,ffbwizard,"14,895"
863,dbpittsburgh,"14,888"
864,heels123,"14,882"
865,younggun,"14,882"
866,sforzja10,"14,819"
867,tmhsport,"14,819"
868,Vegasken,"14,799"
869,whatsthespread,"14,798"
870,Jglad11,"14,793"
871,Krnich,"14,785"
872,addiebelasco,"14,768"
873,mdolciato,"14,695"
874,jaywalker72,"14,694"
875,bwolfgramm,"14,677"
876,louiescards,"14,644"
877,longjohn91,"14,641"
878,marshal55s,"14,613"
879,Shikari31,"14,611"
880,Ram33,"14,580"
881,The_Cake,"14,574"
882,tstadheim08,"14,568"
883,chad23322,"14,524"
884,Brass23,"14,523"
885,gridironguru99,"14,515"
886,Cjf99b,"14,508"
887,flight63,"14,498"
888,rsrunningrebels,"14,496"
889,atstclair,"14,485"
890,dave3318,"14,481"
891,tmurderer420,"14,461"
892,Privy,"14,458"
893,ISeeBlue,"14,444"
894,DraftTycoon,"14,442"
895,Capper21,"14,441"
896,Hkhotsskhotb,"14,434"
897,Shawners,"14,430"
898,Oakwalds3,"14,423"
899,ydomes,"14,419"
900,Gathman78,"14,389"
901,happy8ss,"14,383"
902,Colinmace,"14,382"
903,charliebowties,"14,372"
904,Tuttlebag,"14,366"
905,Batavia514,"14,349"
906,AGoodDay,"14,348"
907,grandpabuzz,"14,335"
908,kevin8053,"14,318"
909,mxphigam,"14,311"
910,Nahunta,"14,298"
911,muddogs10,"14,272"
912,cpeeler21,"14,242"
913,mrfreeze555,"14,193"
914,bipolrbear,"14,180"
915,mcgruffthecrimedog,"14,166"
916,JacobJurado,"14,165"
917,lamp3122,"14,155"
918,littlebrows,"14,152"
919,AJM3,"14,138"
920,budaman3915,"14,129"
921,jtortorelli,"14,127"
922,orangecrush303,"14,122"
923,bigpoppadb8,"14,112"
924,lanceshull,"14,109"
925,DHEADT,"14,109"
926,clutchpfc,"14,078"
927,Sblum2711,"14,065"
928,jeff1137,"14,061"
929,PenskeFile,"14,056"
930,Pander85,"14,046"
931,Pockethercules4life,"14,029"
932,joseamota8,"14,021"
933,mfriendl,"14,008"
934,BayouBengals,"14,004"
935,alwayzbusted,"14,000"
936,cmacbb07,"13,995"
937,wcollier214,"13,991"
938,buoya20,"13,986"
939,SWIFTYWON,"13,985"
940,scottygto,"13,965"
941,zstratt,"13,962"
942,Itsabucslife1,"13,962"
943,boondock,"13,960"
944,herberh2,"13,945"
945,MAS47,"13,940"
946,willisla,"13,913"
947,Williamv410,"13,907"
948,Scottpaul11,"13,907"
949,oldowl,"13,901"
950,nolesman,"13,874"
951,Jkolsen,"13,868"
952,jamesp1988,"13,865"
953,Pags24,"13,865"
954,skimbad,"13,861"
955,ctbinvestments,"13,860"
956,Nookx,"13,858"
957,jcart33,"13,834"
958,iluvhermione,"13,817"
959,Pennywize69,"13,810"
960,kswetnam1342,"13,802"
961,BaseballGuyCAA,"13,801"
962,senordfs,"13,767"
963,TRMP31,"13,742"
964,juicetea22,"13,724"
965,sonomajoe,"13,700"
966,Mhesters,"13,689"
967,Klang13,"13,680"
968,chartley19,"13,680"
969,iROCK,"13,678"
970,nickfromcwe,"13,677"
971,Grejewel,"13,675"
972,reeb,"13,661"
973,jmac1014,"13,649"
974,TeamWarRoom,"13,647"
975,DrewYou22,"13,631"
976,FkCoolers,"13,629"
977,Jwest27,"13,604"
978,xplorin16,"13,591"
979,Gametheory71,"13,586"
980,t5662jp,"13,585"
981,Gfunkera86,"13,580"
982,Rotophiliac,"13,533"
983,qrfocused,"13,532"
984,evanbe2,"13,515"
985,bigbat23,"13,515"
986,fowler130,"13,501"
987,mdhaun99,"13,488"
988,TwoGun,"13,467"
989,Stevesnowjr21,"13,466"
990,butkusaafl,"13,460"
991,Voldemort,"13,457"
992,Joeyc61,"13,450"
993,jeffreywcu,"13,448"
994,rog11sm,"13,444"
995,KYwins9,"13,430"
996,soxfanfla,"13,422"
997,bluhorseshoe,"13,415"
998,T0mmyJ0hnZipper,"13,397"
999,badgerdores,"13,389"
1000,bab329,"13,364"
1001,Bakerbl,"13,349"
1002,lauderdale10,"13,344"
1003,joebald2,"13,318"
1004,Walshgrad54,"13,318"
1005,goodellas97,"13,314"
1006,wthomas0187,"13,302"
1007,mattyice522,"13,287"
1008,hishboo,"13,285"
1009,ab13,"13,260"
1010,probablymylastlogin,"13,229"
1011,Gatorhater,"13,219"
1012,Ryan138,"13,213"
1013,JTHoosier93,"13,211"
1014,Eubybobcat,"13,211"
1015,gravycakes,"13,211"
1016,BigHuni,"13,201"
1017,downtown,"13,194"
1018,jbgetzguap,"13,190"
1019,rsbathla,"13,188"
1020,Average_Scott,"13,183"
1021,flavor,"13,163"
1022,harrytruman3,"13,126"
1023,KTF,"13,124"
1024,Magnfct,"13,111"
1025,rushimpactauto,"13,106"
1026,bono6699,"13,106"
1027,jchook,"13,081"
1028,icarlisle,"13,064"
1029,ryanwalis,"13,063"
1030,1syndicate,"13,040"
1031,Nucks916,"13,037"
1032,JDsports313,"13,033"
1033,EaSeBaCk7,"13,031"
1034,VinnyT87,"13,024"
1035,Frizz1,"13,023"
1036,Oldy9,"13,012"
1037,ineedmoney23,"13,008"
1038,xprocowboy,"12,997"
1039,Grind,"12,980"
1040,73pd2x,"12,979"
1041,2eazy,"12,962"
1042,brooklynjuice22,"12,958"
1043,KlairVoyant,"12,957"
1044,Campbell00021,"12,954"
1045,Smoltzjr,"12,947"
1046,CarpeFuturum,"12,944"
1047,Fourslot,"12,940"
1048,fistpumper,"12,939"
1049,HoneyBadgerDFS,"12,933"
1050,giffenbone,"12,931"
1051,Jpete16,"12,917"
1052,twobets,"12,913"
1053,jgro,"12,903"
1054,slushfundx,"12,899"
1055,Mswift69,"12,898"
1056,ncjonyoung,"12,885"
1057,keerjo,"12,881"
1058,Ejc24,"12,873"
1059,Timmayer33,"12,870"
1060,natelr14,"12,856"
1061,cstcst,"12,854"
1062,kizzapps,"12,851"
1063,0monstertruxrallyman0,"12,846"
1064,petep10,"12,834"
1065,RotoGutGuy,"12,831"
1066,fishcakeking,"12,818"
1067,Joltman1974,"12,812"
1068,cohenspick,"12,792"
1069,scholardollars,"12,790"
1070,ricky21slade,"12,781"
1071,brealbc,"12,776"
1072,dudju,"12,774"
1073,bstreich9,"12,769"
1074,Danny_Rand,"12,757"
1075,TennisBone,"12,742"
1076,cramazin,"12,740"
1077,Kylewilliams22,"12,737"
1078,jsmchu01,"12,735"
1079,Brambo300,"12,728"
1080,Toddmaddox77,"12,714"
1081,chengak,"12,706"
1082,jimpie,"12,697"
1083,Gdaddy80,"12,689"
1084,NextSignal,"12,688"
1085,BlazinTrails616,"12,686"
1086,mjr1080,"12,686"
1087,ElSlappo,"12,681"
1088,causepayne,"12,669"
1089,kevinlu,"12,664"
1090,gmoney247,"12,660"
1091,g_rant16,"12,658"
1092,cdome06,"12,657"
1093,Rog57,"12,654"
1094,vmoney,"12,654"
1095,collins2285,"12,650"
1096,futureoffantasy,"12,646"
1097,bensloc5,"12,643"
1098,brewmanchoo,"12,642"
1099,grand2515,"12,633"
1100,Smootsmack21,"12,614"
1101,grych8,"12,612"
1102,flippincoins,"12,611"
1103,Brianhaydt,"12,611"
1104,jayz4dayz72,"12,607"
1105,ThirtyThr33,"12,598"
1106,offtackleleft,"12,592"
1107,bubblegumga,"12,585"
1108,saunders1944,"12,581"
1109,pdiddyshowno,"12,579"
1110,nebula19,"12,564"
1111,Theluckyshow,"12,561"
1112,beckyjets68,"12,552"
1113,kobe4prez92,"12,547"
1114,WheresMyKiss,"12,542"
1115,Johnphil82,"12,530"
1116,Flopps15,"12,529"
1117,benny11,"12,522"
1118,southside,"12,521"
1119,JoeBags,"12,508"
1120,CJK11,"12,503"
1121,bmore4life22,"12,499"
1122,toowitty,"12,493"
1123,RangerC,"12,486"
1124,buckwheat29,"12,477"
1125,Mattstan16,"12,470"
1126,duball16,"12,468"
1127,alesiaj,"12,468"
1128,rdewji,"12,466"
1129,seelew4,"12,454"
1130,jnazarieh,"12,445"
1131,hendog,"12,442"
1132,Kpwgamecock,"12,440"
1133,Methical242,"12,433"
1134,EC4THREE10,"12,413"
1135,moneyhungry,"12,412"
1136,NdeJonge,"12,406"
1137,DGTballer,"12,406"
1138,dafarmer23,"12,393"
1139,cchscmd,"12,381"
1140,Mt15scu,"12,373"
1141,griffin6687,"12,367"
1142,xdan3220,"12,361"
1143,Jessepri,"12,356"
1144,mdotter01,"12,349"
1145,myb821,"12,342"
1146,Harperchase,"12,341"
1147,gmoney1001,"12,339"
1148,techguy04,"12,339"
1149,saulgoodman,"12,338"
1150,inabnitt9,"12,330"
1151,TrappistMonk,"12,330"
1152,whynot44,"12,328"
1153,Khoshbiz,"12,292"
1154,jimmygriggs,"12,277"
1155,rlhe,"12,266"
1156,charder30,"12,250"
1157,pdidawg82,"12,232"
1158,eaglezzz,"12,204"
1159,willie926,"12,199"
1160,reasonproducer,"12,199"
1161,UtahCubs,"12,195"
1162,tyrant85,"12,194"
1163,mmoore114,"12,172"
1164,Silverplayer,"12,168"
1165,T71G,"12,166"
1166,sleepyro,"12,158"
1167,goobretty,"12,153"
1168,Unsub,"12,149"
1169,Bjjball44,"12,144"
1170,Rozzer829,"12,143"
1171,Wwill73,"12,140"
1172,Waterman20,"12,139"
1173,hotliquidmagma,"12,134"
1174,afcangelo,"12,133"
1175,Jabesblog,"12,131"
1176,RumHamSC,"12,130"
1177,xpac21,"12,126"
1178,Stretchemlegs,"12,107"
1179,GS30,"12,106"
1180,baralufficus,"12,103"
1181,stevied55,"12,083"
1182,gore44,"12,079"
1183,nixhound,"12,072"
1184,Zulu_Chief,"12,066"
1185,sugarshack,"12,064"
1186,FanFool,"12,064"
1187,ar12gbp,"12,063"
1188,dirtlegs,"12,043"
1189,buffalove136,"12,032"
1190,Ebouldin,"12,027"
1191,niamame,"12,024"
1192,oldcourse02,"12,011"
1193,villy2015,"12,006"
1194,ant4det3,"12,006"
1195,bradhr,"12,004"
1196,Foulky,"12,002"
1197,interta,"11,991"
1198,Buctober22,"11,990"
1199,hustleboy,"11,981"
1200,g2455,"11,979"
1201,doubleplay15,"11,974"
1202,wdavis1982,"11,974"
1203,Atticusholden,"11,957"
1204,CeeGee,"11,944"
1205,Ch77gm,"11,927"
1206,JasonZyman,"11,919"
1207,ynenk03,"11,902"
1208,codeblu,"11,892"
1209,ZTownClown,"11,888"
1210,trentsteele,"11,886"
1211,laxgod26,"11,877"
1212,judsogr8,"11,854"
1213,nsewell,"11,848"
1214,Dontsleeponme0820,"11,841"
1215,bg12,"11,827"
1216,fstallone810,"11,808"
1217,draftingftw7,"11,806"
1218,poseyedon,"11,801"
1219,nchsgolf33,"11,794"
1220,ctrain03,"11,788"
1221,Digglesauce,"11,768"
1222,maguirem,"11,760"
1223,Thebawler,"11,752"
1224,merchant187,"11,735"
1225,Willrush1989,"11,731"
1226,CongoSong,"11,716"
1227,rdubs30,"11,694"
1228,crump11,"11,688"
1229,Luvjonz112,"11,682"
1230,reyvj,"11,682"
1231,phillygamecox,"11,664"
1232,jcaristo,"11,657"
1233,butera04,"11,655"
1234,paulbertini,"11,629"
1235,JJgetsCARDS,"11,626"
1236,kgeorge,"11,602"
1237,Woody111367,"11,595"
1238,zombiedave,"11,587"
1239,Teamderivia,"11,577"
1240,MrNastyTime91,"11,574"
1241,WJC80,"11,572"
1242,hooter,"11,571"
1243,trlgger1074,"11,569"
1244,Bongohutch88,"11,560"
1245,KYwildcat24,"11,555"
1246,utahjazz1,"11,546"
1247,Nikos99,"11,534"
1248,mx1989,"11,518"
1249,JasperGeorge,"11,514"
1250,mb3030,"11,512"
1251,suggit,"11,508"
1252,cashupcash,"11,498"
1253,cap_attack,"11,495"
1254,BMORES_FINEST,"11,490"
1255,dprocstar,"11,475"
1256,MrTobiasFunke,"11,470"
1257,thorpedoboom,"11,463"
1258,billholler,"11,462"
1259,bberard34,"11,455"
1260,gentlemanjohnny,"11,448"
1261,Carl_Winslow,"11,446"
1262,Beattheregs19,"11,440"
1263,Sting1335,"11,438"
1264,bellmar21,"11,432"
1265,zef204,"11,431"
1266,Primal,"11,429"
1267,DizzyD,"11,404"
1268,rizzaroni21,"11,403"
1269,saddy1406,"11,398"
1270,Airtime226,"11,392"
1271,bwnoles,"11,388"
1272,dylancash,"11,382"
1273,superstar,"11,360"
1274,sonic999,"11,350"
1275,AC24,"11,336"
1276,doctorphelps,"11,333"
1277,jacraig7,"11,328"
1278,schmateo,"11,317"
1279,declanf,"11,314"
1280,nitwitin,"11,300"
1281,partytimegary,"11,300"
1282,IAMLorde,"11,295"
1283,bgreen727,"11,287"
1284,SyrSlappers,"11,270"
1285,strassnerte,"11,268"
1286,iCame2GetDwn,"11,265"
1287,shipper21,"11,248"
1288,dukengravy,"11,248"
1289,Czern,"11,236"
1290,BigRockDolo,"11,225"
1291,derek15,"11,218"
1292,SpoWeezy,"11,211"
1293,jwsorensen,"11,186"
1294,blue8659,"11,184"
1295,livestraddle,"11,169"
1296,LivinTeHighLife,"11,164"
1297,CORG3,"11,156"
1298,kettab24,"11,153"
1299,csplls,"11,153"
1300,bhdevault,"11,148"
1301,jtwfantasy,"11,147"
1302,stevemo1212,"11,147"
1303,MARJAC,"11,146"
1304,bigdre5,"11,142"
1305,texasrangersfan,"11,138"
1306,Thalantyr,"11,120"
1307,blimes,"11,115"
1308,blalock82,"11,085"
1309,ascole28,"11,084"
1310,claw11x,"11,083"
1311,Rsl,"11,075"
1312,sublime6891,"11,043"
1313,kybbers22,"11,034"
1314,djfly,"11,022"
1315,mnorrad,"11,016"
1316,Dl3Fan13,"11,000"
1317,lalalaladouche,"10,999"
1318,Monroeatc,"10,989"
1319,injuries_and_criminality,"10,968"
1320,Cjbeast1,"10,965"
1321,hammer8,"10,963"
1322,Jasonsahlin,"10,962"
1323,bkaylkiec,"10,961"
1324,b_carden,"10,955"
1325,Mycoolhead,"10,954"
1326,ejernigan1,"10,952"
1327,Scottimac11,"10,935"
1328,MMathison04,"10,928"
1329,slicknick2233,"10,926"
1330,Montgocm,"10,925"
1331,tigervol,"10,915"
1332,nyg,"10,912"
1333,Johnnyscalz,"10,908"
1334,icehoya,"10,905"
1335,SunTszu,"10,904"
1336,FantasyFan14,"10,890"
1337,Mythicalrhymer01,"10,884"
1338,twolves41,"10,883"
1339,justdmbobbo,"10,880"
1340,kdevoid23,"10,873"
1341,rich100k,"10,862"
1342,davidh618,"10,860"
1343,mannmicj,"10,859"
1344,clay_v2,"10,845"
1345,Otter122,"10,843"
1346,andrew81587,"10,826"
1347,StevenRV,"10,822"
1348,theroff97,"10,805"
1349,villanova00111,"10,801"
1350,zmen,"10,800"
1351,rgreuli,"10,794"
1352,jms935,"10,794"
1353,PopFlyBoy,"10,786"
1354,jgreenblatt,"10,779"
1355,fantasybobo,"10,776"
1356,rmerendajr,"10,773"
1357,jokerdpo,"10,759"
1358,ItzJamesFTW,"10,757"
1359,BiPolarGrinch,"10,732"
1360,mattccosta,"10,727"
1361,Jonesy2544,"10,723"
1362,BTXJ,"10,718"
1363,brnsnd,"10,707"
1364,lezcanovargas,"10,703"
1365,bgizzle714,"10,688"
1366,drewboski,"10,684"
1367,DeanBui,"10,682"
1368,anth2622,"10,677"
1369,jddowning10,"10,676"
1370,purefilth,"10,673"
1371,FastPointScores,"10,666"
1372,plako21,"10,666"
1373,mgdog96,"10,665"
1374,fheimes,"10,664"
1375,younobigpapi,"10,663"
1376,kiddcurry,"10,662"
1377,trilla503,"10,661"
1378,lembaba,"10,657"
1379,bboiblake5,"10,645"
1380,nickq4780,"10,645"
1381,bbgreen31,"10,644"
1382,randall_bud,"10,635"
1383,tkdman14,"10,633"
1384,psualum,"10,623"
1385,OhioUBobcats,"10,623"
1386,shiposki75,"10,620"
1387,dathuydo,"10,614"
1388,skarb,"10,613"
1389,BreathPlay,"10,608"
1390,mjveneskey,"10,607"
1391,Broseidon13,"10,607"
1392,eldudebrothers,"10,604"
1393,durrrrfan24,"10,593"
1394,kellykip,"10,588"
1395,JasonPass,"10,577"
1396,bmarksespn1,"10,574"
1397,emge,"10,573"
1398,blazinskins,"10,569"
1399,Mikezambarda,"10,567"
1400,milehighpirate,"10,565"
1401,therayray81,"10,562"
1402,yats,"10,560"
1403,Karma75,"10,555"
1404,louislipps,"10,548"
1405,benjidiazoic,"10,546"
1406,Fenixrise77,"10,538"
1407,Genghis_Khan,"10,536"
1408,Jetsfan017,"10,534"
1409,adammsams,"10,528"
1410,darcyt3,"10,518"
1411,KillBill901,"10,515"
1412,Biggblair77,"10,506"
1413,jeffreyatracy,"10,506"
1414,fishkillers,"10,503"
1415,mondocane,"10,500"
1416,ncmatt,"10,493"
1417,Draconfire,"10,479"
1418,dinger1369,"10,478"
1419,phieagles,"10,477"
1420,Kosar1986,"10,459"
1421,joebob,"10,455"
1422,brainydfs,"10,454"
1423,mikemaz13,"10,450"
1424,kb03,"10,449"
1425,doctor_doom,"10,439"
1426,ParlayAllDay,"10,439"
1427,zinne,"10,438"
1428,Chiefconrad,"10,436"
1429,PuddinCheeks,"10,434"
1430,ags_carnage,"10,434"
1431,Mickety,"10,427"
1432,serg270679,"10,423"
1433,JPinc,"10,413"
1434,BlakeJ82,"10,411"
1435,Jk1492,"10,411"
1436,zj560003,"10,410"
1437,luckyg,"10,408"
1438,dgratz14,"10,405"
1439,jonny31623,"10,403"
1440,UBP,"10,401"
1441,montestocks,"10,393"
1442,Bahadur44,"10,382"
1443,allinking17,"10,379"
1444,bridgegunner,"10,374"
1445,Jaymotion,"10,373"
1446,danielson,"10,371"
1447,srgunsch,"10,357"
1448,scottfergmartin,"10,352"
1449,KDG16,"10,345"
1450,bufffan111,"10,338"
1451,pulse911,"10,331"
1452,Czap,"10,330"
1453,Mjboogie7,"10,330"
1454,doctorclaw,"10,327"
1455,millertime,"10,324"
1456,Designateddrinker,"10,293"
1457,bapst32,"10,283"
1458,Styleez,"10,282"
1459,tlholder86,"10,280"
1460,lethalbizzle,"10,272"
1461,JustGetMetoSunday,"10,259"
1462,weenmachine,"10,257"
1463,NSNunn,"10,256"
1464,weherrald,"10,246"
1465,R8erNation,"10,238"
1466,slimeeks,"10,235"
1467,vagladiator,"10,230"
1468,ataris80,"10,225"
1469,thehammer74,"10,214"
1470,oliphantj15,"10,207"
1471,BlakeyBoy510,"10,198"
1472,bzsports4,"10,197"
1473,itzremu,"10,195"
1474,Turfs11,"10,188"
1475,schleppy,"10,187"
1476,harryf24,"10,175"
1477,blackheart25,"10,174"
1478,SARrUS,"10,165"
1479,bigdshaggyj,"10,164"
1480,kbeez21,"10,164"
1481,tirkyj66,"10,160"
1482,msquire2,"10,151"
1483,jaebberwock,"10,149"
1484,GQ1NYC,"10,147"
1485,sparrowguy,"10,146"
1486,Irish14,"10,144"
1487,shulldsg,"10,130"
1488,Kuhnman24,"10,126"
1489,Rusty2344,"10,124"
1490,nickmasch11,"10,122"
1491,robroy,"10,120"
1492,ImADonk11,"10,118"
1493,boomcrush,"10,112"
1494,chattles444,"10,107"
1495,drinkgood3,"10,104"
1496,joel66,"10,103"
1497,bosctlax,"10,095"
1498,CUTiger81,"10,086"
1499,L3gOnD,"10,081"
1500,tooleman56,"10,077"
1501,Parrj83,"10,064"
1502,TheATAQ,"10,059"
1503,pinball,"10,059"
1504,osubase34,"10,053"
1505,jnoboa,"10,047"
1506,Franchise34,"10,046"
1507,Ashworths1,"10,044"
1508,Ryanoss,"10,036"
1509,carson727,"10,035"
1510,slimpc,"10,034"
1511,Labreezy4,"10,029"
1512,Vinvegas,"10,020"
1513,slpanthers24,"10,012"
1514,emmerson,"10,010"
1515,marshall30,"10,004"
1516,100rings,"9,998"
1517,coreyhut,"9,990"
1518,ericruh,"9,971"
1519,Danny830x,"9,967"
1520,pickles,"9,960"
1521,Mattjjmcdaniel,"9,959"
1522,goods26,"9,958"
1523,flattiechops,"9,945"
1524,Bpettijohn,"9,944"
1525,Tymac55,"9,943"
1526,creepy_rob_lowe,"9,942"
1527,Bsgolfer7,"9,940"
1528,JCruz2,"9,939"
1529,pep4464,"9,934"
1530,hoeppner21,"9,932"
1531,cb35,"9,927"
1532,troj202647,"9,920"
1533,elite3200,"9,918"
1534,Whitey100,"9,915"
1535,Mikebas,"9,909"
1536,Andrewfr,"9,908"
1537,rush1228,"9,904"
1538,djt5280,"9,904"
1539,Bobgam3,"9,902"
1540,tolatetowin,"9,902"
1541,DangL96,"9,901"
1542,Bradleymaddoxyep,"9,898"
1543,royrosco13,"9,897"
1544,MastaFlip,"9,895"
1545,garrettairey,"9,893"
1546,HoopThereItIs,"9,883"
1547,EvilSurge,"9,875"
1548,flipryan,"9,867"
1549,Jonan,"9,867"
1550,Headhunters,"9,863"
1551,EchoCharlie4,"9,857"
1552,jsantopadre,"9,855"
1553,kobebeanbryant,"9,848"
1554,Gotembaseball,"9,846"
1555,HerbyCutty,"9,845"
1556,Dadexecutioner,"9,840"
1557,rishipatel412,"9,834"
1558,cherryscroll,"9,831"
1559,Glattkosher,"9,819"
1560,ronpaul2012,"9,818"
1561,bkplayer,"9,814"
1562,Pmiles,"9,814"
1563,BlackSunday,"9,813"
1564,cashdaddy15,"9,813"
1565,Chevchelios,"9,807"
1566,KeithR70,"9,804"
1567,redaddy25,"9,804"
1568,FantasyShane,"9,801"
1569,bearcats594,"9,800"
1570,jfoley383,"9,800"
1571,Kgdarealmvp,"9,798"
1572,JCO8822,"9,796"
1573,cdawg777,"9,794"
1574,camerondiggs,"9,793"
1575,tedinfla,"9,792"
1576,calif0rnia,"9,789"
1577,americanpaleale,"9,783"
1578,Marshlukas,"9,777"
1579,altoon24,"9,765"
1580,lifehealthbar,"9,761"
1581,RunHotSports,"9,758"
1582,brettpanter66,"9,755"
1583,PujolsJunkie,"9,754"
1584,ezellmt,"9,751"
1585,srgrala88,"9,748"
1586,truredman,"9,746"
1587,stryder515,"9,743"
1588,Motown23,"9,716"
1589,Bleed28Purple,"9,715"
1590,wiggy0302,"9,713"
1591,boyer5,"9,708"
1592,Hotsauce29588,"9,703"
1593,joalmighty,"9,703"
1594,Thebelleoftheball,"9,695"
1595,cheatc0des,"9,685"
1596,TWhelan,"9,656"
1597,corndog,"9,608"
1598,zrramba,"9,601"
1599,trulyfeballa,"9,587"
1600,wmgilpin,"9,578"
1601,ryhenicee,"9,573"
1602,slomskyj,"9,569"
1603,scottjanes,"9,568"
1604,pburghpens22,"9,566"
1605,Bcharles0319,"9,563"
1606,smackfreek,"9,558"
1607,Todfrompa,"9,556"
1608,jk23,"9,548"
1609,ishvt35,"9,532"
1610,levei446,"9,531"
1611,tbryan,"9,520"
1612,Mansfield,"9,516"
1613,Chet,"9,506"
1614,GizmoMoney,"9,505"
1615,tim99cubs,"9,504"
1616,finsince82,"9,501"
1617,cburg74,"9,497"
1618,gstatefaith,"9,484"
1619,bBallerzzz81,"9,480"
1620,Trucky13,"9,480"
1621,pauld9999,"9,478"
1622,jovon,"9,474"
1623,philippe27,"9,466"
1624,sicwititdime,"9,464"
1625,Homie0213,"9,463"
1626,michfan,"9,459"
1627,ichirolls,"9,458"
1628,jetsforcup,"9,456"
1629,ajv89s,"9,451"
1630,matt972,"9,446"
1631,bimmerfan,"9,440"
1632,waffles2003,"9,440"
1633,sgaffney,"9,425"
1634,anchordown,"9,421"
1635,phifa16,"9,421"
1636,aaronaym,"9,420"
1637,Dieseld230,"9,412"
1638,burghfan79,"9,411"
1639,Mangle54,"9,410"
1640,theDFSexperiment,"9,410"
1641,Exnihilation,"9,409"
1642,paydirtman,"9,403"
1643,tidnuts,"9,392"
1644,CBassXU,"9,389"
1645,Swaglet,"9,388"
1646,Jamesschindler,"9,379"
1647,esamuel58,"9,376"
1648,delta3,"9,367"
1649,Whodeywinning,"9,366"
1650,Squal17,"9,363"
1651,Ryanod17,"9,359"
1652,Xaque,"9,349"
1653,rollinthedice,"9,344"
1654,IceDog,"9,343"
1655,nky30,"9,341"
1656,Edreaux10,"9,330"
1657,tpalioca,"9,329"
1658,AxeGrinder,"9,324"
1659,SwagOFFICIAL,"9,324"
1660,Leaffan10,"9,322"
1661,Molars,"9,311"
1662,Bschwarze325,"9,306"
1663,Fabfive75,"9,305"
1664,klink21,"9,295"
1665,STAV,"9,282"
1666,evil333,"9,281"
1667,wikingfan,"9,279"
1668,GeneralV,"9,269"
1669,quackinup,"9,257"
1670,Kingbluff,"9,255"
1671,dwachutka,"9,255"
1672,supershady,"9,251"
1673,saltysellen,"9,250"
1674,LRoyTheKing,"9,247"
1675,nvalencia30,"9,245"
1676,smlobos,"9,243"
1677,havocano,"9,231"
1678,dwill087,"9,230"
1679,tyodell40,"9,227"
1680,Eaglesfan85,"9,226"
1681,vick191,"9,226"
1682,brandonortegaa,"9,226"
1683,mattmorgan91,"9,223"
1684,RunLacyRun,"9,218"
1685,McShuvin,"9,212"
1686,sogr8player,"9,208"
1687,jrob11811,"9,208"
1688,MUredhawk,"9,207"
1689,H3Budda,"9,200"
1690,ginzorella,"9,189"
1691,Dmort21,"9,186"
1692,circadudexl,"9,185"
1693,krayziet,"9,181"
1694,Felder15,"9,179"
1695,NoXcape,"9,165"
1696,miguelnoche,"9,164"
1697,Brindaddy,"9,161"
1698,onehitquit21,"9,159"
1699,asnodgr10,"9,155"
1700,dailyleaguer,"9,155"
1701,ragingmoose,"9,151"
1702,JSB31,"9,151"
1703,devo1099,"9,149"
1704,SVoglio411,"9,149"
1705,ericsals,"9,139"
1706,THEssmith_8,"9,130"
1707,petevegas,"9,129"
1708,nuckfuggets,"9,129"
1709,Getoffmyface,"9,128"
1710,TennVols14,"9,126"
1711,mabrla,"9,115"
1712,Beat_Sesh,"9,113"
1713,wmonighe,"9,105"
1714,dfsalgorithm,"9,096"
1715,Charlie007,"9,095"
1716,WeTheNorth,"9,083"
1717,SteelyDave,"9,078"
1718,justamatteroftimez,"9,075"
1719,anomz24,"9,065"
1720,Redzone808,"9,065"
1721,SilverBull,"9,059"
1722,Jhvondrell,"9,057"
1723,shockeyville80,"9,049"
1724,nothinbutgold62,"9,046"
1725,icecoffee78,"9,045"
1726,dothemaff,"9,043"
1727,hend0479,"9,042"
1728,MajorLeague,"9,031"
1729,Bunddler77,"9,029"
1730,loumister35,"9,029"
1731,GordonHayward20,"9,025"
1732,jabronimatt,"9,020"
1733,Follis_33,"9,019"
1734,cevans3000,"9,019"
1735,WebBull,"9,017"
1736,krazyju84,"9,016"
1737,chachang25,"9,014"
1738,falc0ns,"9,011"
1739,Wiggmosis,"9,005"
1740,cimags1717,"8,997"
1741,wentz,"8,994"
1742,badtouch,"8,993"
1743,Proehl,"8,989"
1744,ringballs22,"8,988"
1745,GoLarson42,"8,984"
1746,jdtrey,"8,979"
1747,sprom,"8,974"
1748,sox244,"8,972"
1749,JimKronlund,"8,948"
1750,Badnewz,"8,947"
1751,Kinerb,"8,933"
1752,chrispm,"8,928"
1753,kdog2413,"8,928"
1754,spx333,"8,928"
1755,tgs1976,"8,926"
1756,fletch538,"8,924"
1757,Lando987,"8,919"
1758,quake211,"8,906"
1759,hidonkey,"8,903"
1760,Kjr8888,"8,902"
1761,uhhuhbro,"8,900"
1762,JORDAN993,"8,887"
1763,AgentAgent,"8,880"
1764,Neiderman,"8,879"
1765,mppe12,"8,872"
1766,MOSH1977,"8,872"
1767,BobLoblaw791,"8,867"
1768,mtray1911,"8,867"
1769,mizzoulew,"8,847"
1770,Jhubthegreat,"8,843"
1771,tm713,"8,838"
1772,cin4short,"8,837"
1773,tyslice,"8,829"
1774,dan72,"8,827"
1775,jsw3ent,"8,809"
1776,JUST4U2HATE,"8,804"
1777,kph,"8,803"
1778,stingerz22,"8,796"
1779,Anonameless,"8,793"
1780,xbrett82,"8,790"
1781,chifanpest,"8,785"
1782,candy_3222,"8,779"
1783,breeze1780,"8,773"
1784,Sully,"8,773"
1785,Ajml45,"8,772"
1786,bobbalooga,"8,764"
1787,bernthjs,"8,764"
1788,dtdipasquale,"8,759"
1789,Panthers02,"8,747"
1790,trueser63,"8,743"
1791,bce6974,"8,732"
1792,irskinny,"8,720"
1793,sdchickens,"8,719"
1794,sgtskeever,"8,712"
1795,jdausch,"8,711"
1796,Sanchocow,"8,709"
1797,pheffernan7,"8,708"
1798,mello610,"8,708"
1799,rotokevin,"8,700"
1800,internetfamous,"8,696"
1801,Bo1634,"8,690"
1802,FantasyBrain,"8,689"
1803,dbardwell,"8,682"
1804,Kuruptive8,"8,681"
1805,ppcheng,"8,677"
1806,cmmcbarn1,"8,675"
1807,tenzley,"8,666"
1808,kiztulance09,"8,664"
1809,matt123hb,"8,664"
1810,guffy,"8,656"
1811,jcimdog,"8,655"
1812,1hebert1,"8,653"
1813,kenji781,"8,646"
1814,stoneme2,"8,644"
1815,Cory315,"8,642"
1816,22ship,"8,641"
1817,juggernaut77,"8,634"
1818,Maddox2,"8,628"
1819,sandman84,"8,619"
1820,SuperSplashBros,"8,618"
1821,VinnyCash007,"8,613"
1822,Jaymatic14,"8,612"
1823,fsupete01,"8,612"
1824,emoney1214,"8,606"
1825,Ynot,"8,606"
1826,bobud79,"8,605"
1827,MooknGradyzfranchize,"8,601"
1828,fantasyprofit78,"8,595"
1829,HeadlineTN,"8,594"
1830,jdilla,"8,592"
1831,Fuhonky,"8,588"
1832,iggypop,"8,587"
1833,ryanfeller,"8,585"
1834,dblk88,"8,584"
1835,MarqueeMarc,"8,580"
1836,bigtimeinnc,"8,579"
1837,MZimmerman113,"8,572"
1838,akpghfan,"8,571"
1839,ezmondo,"8,571"
1840,GregieC03,"8,565"
1841,Mmmmm1128,"8,561"
1842,Slicknative,"8,554"
1843,Shaft3223,"8,552"
1844,tummytum,"8,552"
1845,Cheezitx,"8,552"
1846,marvindog,"8,551"
1847,zeahawks3,"8,542"
1848,frquis,"8,541"
1849,tonedefrob,"8,539"
1850,bp0rush,"8,533"
1851,toobs18,"8,531"
1852,Tank_91,"8,517"
1853,chaffy,"8,513"
1854,dazzlee,"8,509"
1855,Eggy017,"8,507"
1856,bigcsmiley,"8,507"
1857,pendergrass,"8,504"
1858,sberger,"8,483"
1859,Kokou3939,"8,481"
1860,flipxpelon562,"8,479"
1861,Miguel130,"8,473"
1862,montezuma88,"8,463"
1863,gocubsgo29,"8,462"
1864,MinneapolisAce,"8,458"
1865,b1gswede,"8,456"
1866,DjMesiah,"8,450"
1867,Whipcreek,"8,447"
1868,soupster62,"8,437"
1869,zinyzo,"8,435"
1870,Torro33,"8,431"
1871,BTfantasy,"8,431"
1872,eimaj711711,"8,423"
1873,Jtduncan,"8,421"
1874,jburns55,"8,420"
1875,lboykin10,"8,420"
1876,hallfreddy,"8,419"
1877,Averagemike86,"8,411"
1878,Dane0944,"8,408"
1879,rickoliver104,"8,403"
1880,nightrain64,"8,403"
1881,Dsquad,"8,402"
1882,bmann,"8,401"
1883,fvme_85,"8,400"
1884,Blackbart44,"8,397"
1885,pants40,"8,396"
1886,ChuckESleeze,"8,394"
1887,CityBoy410,"8,391"
1888,JGallo1018,"8,388"
1889,bgreezy96,"8,382"
1890,darkforce100,"8,379"
1891,EGordon,"8,372"
1892,manunited23,"8,371"
1893,thechovanone,"8,367"
1894,steveje,"8,366"
1895,tendoreezy,"8,365"
1896,bjarz,"8,364"
1897,TheDogSays,"8,359"
1898,epasauce,"8,356"
1899,querb,"8,349"
1900,Xorc1st,"8,346"
1901,Mizikal,"8,345"
1902,zakarimi,"8,345"
1903,shark1983,"8,344"
1904,Hoosierdaddy23,"8,338"
1905,discofunk,"8,336"
1906,ravedown,"8,332"
1907,Datrashman13,"8,331"
1908,tidda,"8,331"
1909,bigred23111,"8,331"
1910,hcbert01,"8,319"
1911,Tjwilson42,"8,311"
1912,pfjets,"8,308"
1913,tipandpick,"8,307"
1914,demay99,"8,301"
1915,drommordare,"8,300"
1916,Subclaviansteel,"8,298"
1917,chris360xx,"8,297"
1918,gobblegobble77,"8,291"
1919,degenerate777,"8,291"
1920,eazy4lyfe,"8,287"
1921,bobbyv02,"8,287"
1922,stawho,"8,286"
1923,Rrich68,"8,285"
1924,wildcatz97,"8,283"
1925,youngkaiser740,"8,283"
1926,Tmoneyzz,"8,273"
1927,Piratesfan6,"8,266"
1928,rotoreverend,"8,263"
1929,mckaygod,"8,262"
1930,convict0515,"8,261"
1931,kingjerm,"8,261"
1932,CRANDY5,"8,257"
1933,mgrossetto44,"8,256"
1934,dannygold77,"8,251"
1935,Djpaulmixn,"8,248"
1936,WilliamPU2003,"8,248"
1937,mjgarand,"8,248"
1938,Wdoubleuw,"8,236"
1939,Giants100,"8,233"
1940,metzykid23,"8,219"
1941,Aleeka,"8,217"
1942,jwgrinder,"8,209"
1943,jterryn,"8,202"
1944,hlyght10,"8,201"
1945,Oh_216Zealot_iO,"8,200"
1946,BIF,"8,198"
1947,nevs29044,"8,187"
1948,BeckPTLC,"8,183"
1949,DCSTEEL2811,"8,182"
1950,dkline333,"8,181"
1951,busaj,"8,181"
1952,Phillix,"8,176"
1953,whodat2,"8,166"
1954,Bozzdawg5,"8,159"
1955,ck88,"8,156"
1956,krtbu87,"8,155"
1957,jdelsas,"8,151"
1958,Djnoni25,"8,141"
1959,HayGator,"8,140"
1960,BIGB,"8,136"
1961,dqdqnyg,"8,133"
1962,Rookie2442,"8,133"
1963,cjhopkins07,"8,130"
1964,wolf79,"8,126"
1965,mackd101,"8,123"
1966,SeaDonk,"8,111"
1967,migthetig,"8,101"
1968,bryonlee75,"8,100"
1969,Bpoit11,"8,100"
1970,infinite420,"8,092"
1971,ExcitableOne,"8,091"
1972,cmac17554,"8,090"
1973,jac3600,"8,079"
1974,ishx,"8,072"
1975,shocka97,"8,067"
1976,IHATEPANTS,"8,065"
1977,chrannens,"8,058"
1978,czalavary89,"8,054"
1979,Bushmon,"8,052"
1980,brodybrobro,"8,051"
1981,richnmiller,"8,049"
1982,Rizzo100,"8,045"
1983,edbulldawg,"8,043"
1984,StonyRomo,"8,042"
1985,paver,"8,038"
1986,brewtah,"8,027"
1987,sirpsychosexy,"8,027"
1988,evanofthejungle,"8,024"
1989,valdez_ulysses,"8,024"
1990,Meyers1032,"8,023"
1991,careymahoney,"8,021"
1992,TheDeadline,"8,018"
1993,daveinchi1975,"8,012"
1994,Orfelia,"8,009"
1995,hurler47,"8,006"
1996,MitchCumstein89,"7,994"
1997,SportsWiseGuy,"7,990"
1998,firemedicpat,"7,982"
1999,Djt1230,"7,981"
2000,lisapumariega,"7,973"
2001,Mulletkilla,"7,971"
2002,Malikg187,"7,967"
2003,craigfu,"7,964"
2004,tbird05,"7,958"
2005,Zachrob1,"7,952"
2006,jeg06,"7,950"
2007,draftwiz,"7,949"
2008,Stallion33,"7,940"
2009,LinkSinc,"7,940"
2010,ckwinnings,"7,937"
2011,tommygmets86,"7,935"
2012,hommyt,"7,927"
2013,staceinyaface2,"7,925"
2014,BRan14,"7,924"
2015,Millz81,"7,921"
2016,ajwillms,"7,920"
2017,AcR,"7,917"
2018,manek,"7,913"
2019,Jcicc,"7,906"
2020,seabie123,"7,901"
2021,mastermind2016,"7,899"
2022,whiskeytango1,"7,895"
2023,clabrie1,"7,894"
2024,cBraund,"7,893"
2025,frizzo419,"7,892"
2026,a10lbsac,"7,891"
2027,xiaogou,"7,888"
2028,dwostrel,"7,884"
2029,kfiott13,"7,883"
2030,Hunter82,"7,880"
2031,jjc717,"7,874"
2032,dedlata,"7,873"
2033,ripsewell,"7,869"
2034,nacky,"7,868"
2035,Jamie578,"7,863"
2036,kngof9ex,"7,862"
2037,gavdj,"7,860"
2038,ghidorah,"7,860"
2039,whatsluck,"7,852"
2040,kniels44,"7,850"
2041,eadydan,"7,849"
2042,alofty4,"7,849"
2043,Jaredbeafore,"7,842"
2044,popeml24,"7,839"
2045,crazzychet,"7,838"
2046,rockleeroy,"7,828"
2047,arobinson033,"7,828"
2048,Chasem0007,"7,815"
2049,Darby1000,"7,814"
2050,Malakes94,"7,799"
2051,Pompdiggy,"7,799"
2052,BallZaks,"7,795"
2053,meesta,"7,795"
2054,Themuffinman127,"7,790"
2055,chingching,"7,790"
2056,omygodwin,"7,786"
2057,koedaddy,"7,779"
2058,clarkb17,"7,774"
2059,Duncaroo,"7,772"
2060,Koolaide2013,"7,762"
2061,ElCaliente1,"7,752"
2062,shims3,"7,752"
2063,winsomelosemost,"7,750"
2064,dcianek,"7,747"
2065,NickySats,"7,742"
2066,floydian80,"7,742"
2067,Magic57,"7,741"
2068,Jg3qw,"7,740"
2069,iTzTLo,"7,734"
2070,flip4flop,"7,732"
2071,mtschmidt84,"7,730"
2072,chadslaw21,"7,725"
2073,gator25,"7,722"
2074,HoldTheBaby,"7,722"
2075,Mekong83,"7,711"
2076,mgualtieri,"7,698"
2077,somethingfresh,"7,695"
2078,cemrick83,"7,695"
2079,Armando28,"7,695"
2080,goon,"7,692"
2081,huynguyen26,"7,686"
2082,Jbdutto21,"7,685"
2083,pukkaloop,"7,685"
2084,Jcrooks03,"7,676"
2085,kriemersma,"7,675"
2086,Dan21085,"7,674"
2087,tfed1,"7,671"
2088,clavinniu,"7,670"
2089,Bpl21,"7,665"
2090,bswanson303,"7,664"
2091,plally10,"7,663"
2092,ceezeeman,"7,663"
2093,nlwrdb23,"7,660"
2094,leib0039,"7,659"
2095,mweidner2782,"7,658"
2096,IronMonkey415,"7,651"
2097,joeld_81,"7,648"
2098,LucasDellabate,"7,644"
2099,Wynston731,"7,641"
2100,BlarneyBoys,"7,626"
2101,Nelswhit12,"7,624"
2102,sixers1212,"7,620"
2103,crads,"7,617"
2104,Rpa2329,"7,613"
2105,steveospeak,"7,603"
2106,ncampbell1030,"7,602"
2107,DiegoKokomo,"7,600"
2108,Mp4242,"7,598"
2109,bowens1984,"7,596"
2110,reboteking1,"7,594"
2111,smalhot1,"7,593"
2112,nbalive99,"7,592"
2113,daneydaney,"7,592"
2114,chiefjustICE06,"7,583"
2115,dcexpress,"7,583"
2116,BuriedAscend,"7,579"
2117,kreck,"7,572"
2118,RustyNutz,"7,568"
2119,boss1010,"7,565"
2120,ChaosM83,"7,563"
2121,raygo,"7,552"
2122,fabjayowe,"7,550"
2123,heel15,"7,550"
2124,roto718,"7,546"
2125,Horseracer1,"7,543"
2126,Davidd0726,"7,543"
2127,stuppyk,"7,540"
2128,Elz24,"7,540"
2129,GimmieDatW2,"7,537"
2130,Losoway,"7,534"
2131,jcbtrb,"7,533"
2132,chrisl8nlds,"7,532"
2133,dmiller10nc,"7,528"
2134,Tslats,"7,525"
2135,NUkidintown,"7,520"
2136,nrberkeley,"7,509"
2137,LifeJackit,"7,508"
2138,feardragonx,"7,507"
2139,Ben919,"7,506"
2140,hamptonm03,"7,501"
2141,ur1ndanger,"7,494"
2142,DrEvil1996,"7,492"
2143,6foot2by245,"7,491"
2144,tmcgee09,"7,488"
2145,DNutini,"7,488"
2146,bearsssssss,"7,488"
2147,jhorn03,"7,487"
2148,Boopscoop4,"7,481"
2149,kzaha,"7,478"
2150,jonathan83,"7,475"
2151,gemartin,"7,472"
2152,jaf0009,"7,471"
2153,Stanitsas21,"7,469"
2154,Gus_Chiggins,"7,468"
2155,WCHprime,"7,465"
2156,thegoldenboy086,"7,445"
2157,Knautzt,"7,443"
2158,Tweezer847,"7,436"
2159,UtesfanSLC,"7,435"
2160,Burzerkers,"7,435"
2161,jekin685,"7,434"
2162,daviskg8,"7,434"
2163,psufans2,"7,429"
2164,quimoestealth,"7,427"
2165,Colinemtp,"7,427"
2166,AThrougHZ,"7,425"
2167,boohaa,"7,425"
2168,eugene521,"7,422"
2169,beastmode11,"7,420"
2170,bbrig17,"7,418"
2171,piJoe,"7,417"
2172,CHAPMONEY31,"7,415"
2173,liondog,"7,414"
2174,narcocop,"7,414"
2175,mrlocke1,"7,410"
2176,Atnorac,"7,408"
2177,Trevrod2000,"7,407"
2178,mood77,"7,405"
2179,bigpots23,"7,398"
2180,AKDog47,"7,398"
2181,haiti1225,"7,397"
2182,Banaments,"7,395"
2183,Reiners5,"7,394"
2184,Taxman,"7,393"
2185,Slipshutz,"7,392"
2186,ice1952,"7,391"
2187,garomoney23,"7,388"
2188,ftakj,"7,386"
2189,BomberFD,"7,382"
2190,wolf_of_fantasy,"7,377"
2191,MileHigher100,"7,376"
2192,love2lyns,"7,373"
2193,AdamLevin22,"7,373"
2194,Smokeboy,"7,371"
2195,kb32dawgs,"7,370"
2196,Fluffhead78,"7,369"
2197,glee31,"7,369"
2198,superfargo,"7,365"
2199,Slyman,"7,364"
2200,111seabass111,"7,363"
2201,Slah,"7,356"
2202,Tremack3,"7,356"
2203,mrichard2183,"7,355"
2204,tee2green428,"7,355"
2205,SnowShark,"7,353"
2206,fmsutphin,"7,349"
2207,luke_d,"7,345"
2208,DocPeanut,"7,344"
2209,zacha19,"7,343"
2210,vandammewj,"7,339"
2211,Jefftree,"7,339"
2212,giaccarino,"7,330"
2213,smmoran1,"7,327"
2214,Zachdaddy,"7,320"
2215,neilsanjay,"7,317"
2216,ghostcougar,"7,300"
2217,Mudskipper24,"7,298"
2218,ThaBigKat,"7,290"
2219,Abbigail09,"7,283"
2220,snafuinmd,"7,283"
2221,steelers7879,"7,280"
2222,youngblood,"7,279"
2223,darko3131,"7,275"
2224,cz4sheezy,"7,271"
2225,Aniesdad,"7,268"
2226,farmertc,"7,266"
2227,mcluchey21,"7,265"
2228,frogman,"7,261"
2229,jamesknsy,"7,259"
2230,cyork01,"7,257"
2231,jonathan627,"7,256"
2232,drewbos11,"7,246"
2233,durssy,"7,243"
2234,wafic,"7,242"
2235,alix64,"7,242"
2236,jjhalsey,"7,239"
2237,mtamburri922,"7,237"
2238,jruzek,"7,236"
2239,triplejway,"7,231"
2240,mamowrimo,"7,228"
2241,amarkham,"7,225"
2242,wingedmoon,"7,223"
2243,tvegas40,"7,220"
2244,piffffffffff,"7,213"
2245,soifasoif,"7,210"
2246,slingshot_88,"7,208"
2247,relay20,"7,206"
2248,brandon8428,"7,204"
2249,thewogshow,"7,203"
2250,naten,"7,202"
2251,MoMo662,"7,201"
2252,Traeko,"7,197"
2253,icecase88,"7,191"
2254,maxeernst,"7,177"
2255,dickyj1969,"7,176"
2256,uscsteve,"7,173"
2257,thomasg20,"7,171"
2258,EnglishPea,"7,160"
2259,FanDualFred,"7,160"
2260,TheImmortalGoud,"7,159"
2261,beltzandrew,"7,158"
2262,UFswagga352,"7,154"
2263,Killerbrew1,"7,148"
2264,smutpeddlers,"7,148"
2265,mpendleton,"7,141"
2266,soccer4life1028,"7,137"
2267,btnotwn,"7,137"
2268,coli,"7,132"
2269,BADiDOC,"7,131"
2270,Juiceski34,"7,128"
2271,Strategist73020,"7,124"
2272,SomethingSpectacular,"7,123"
2273,ryanpayton,"7,122"
2274,popefiction,"7,115"
2275,TheFantasyBros,"7,105"
2276,BattleAxe357,"7,105"
2277,Fantasygurudrew,"7,105"
2278,RyFo18,"7,103"
2279,bbrookie9,"7,102"
2280,gmccarthy4,"7,099"
2281,Thecommish,"7,098"
2282,lwel21,"7,097"
2283,martymilk,"7,091"
2284,Headre3000,"7,090"
2285,Thoflich,"7,089"
2286,blaker6niner,"7,087"
2287,MisterJ,"7,087"
2288,RussH,"7,084"
2289,jmclean77,"7,082"
2290,chrisn024,"7,078"
2291,deez1233,"7,072"
2292,rmthawk64,"7,071"
2293,camby41,"7,067"
2294,Hirolr33,"7,067"
2295,Luckydad32,"7,052"
2296,captainohio,"7,045"
2297,Foolsgold,"7,044"
2298,pwt1981,"7,044"
2299,Jpgrenier,"7,044"
2300,zepga1,"7,043"
2301,tiltstickels,"7,041"
2302,rupert822,"7,040"
2303,G1212,"7,032"
2304,Alen254,"7,026"
2305,stinkycat32,"7,026"
2306,tamasterson10,"7,024"
2307,zpa1989,"7,021"
2308,scottyflatstix,"7,012"
2309,Thelock1,"7,007"
2310,princetoor,"7,006"
2311,Lucano,"7,005"
2312,4Horsemen,"7,004"
2313,tratow,"7,003"
2314,jlehner23,"6,999"
2315,mlkmoney,"6,996"
2316,Lkline78,"6,996"
2317,oukusfbos,"6,993"
2318,phillymafioso,"6,992"
2319,Trout_N_Out,"6,990"
2320,seahawksfangreg,"6,989"
2321,SgtKyle,"6,988"
2322,jciconte,"6,986"
2323,venus44,"6,985"
2324,Jackboots,"6,983"
2325,roholman09,"6,973"
2326,raymowatt,"6,972"
2327,falintonjr,"6,971"
2328,Jomousmc,"6,969"
2329,daddy608,"6,967"
2330,Whynot138,"6,967"
2331,Arbo604,"6,965"
2332,Paulhara,"6,961"
2333,Jerryfish11,"6,956"
2334,redsox024,"6,955"
2335,zline34,"6,954"
2336,tomo73,"6,953"
2337,jpjk1lla,"6,949"
2338,eaglesftbll7,"6,947"
2339,mr19683,"6,946"
2340,ltjimdangle9,"6,945"
2341,casualdfs,"6,945"
2342,Barbarian,"6,939"
2343,8MileAllstars,"6,939"
2344,varietee,"6,937"
2345,Scamprn,"6,937"
2346,reisinj6,"6,934"
2347,brenos92,"6,931"
2348,LotteryDiscountz,"6,929"
2349,brittinghamt,"6,927"
2350,fantasybender,"6,916"
2351,zimerman72,"6,911"
2352,abesmi1431,"6,908"
2353,Misterfantasy1,"6,905"
2354,future213,"6,904"
2355,jdwellin2391,"6,903"
2356,jswimmer,"6,902"
2357,petersirie,"6,902"
2358,hotlunch1,"6,901"
2359,Silverboy88p,"6,901"
2360,Dfsking23,"6,896"
2361,JayCabay,"6,894"
2362,jarredsc7,"6,887"
2363,shooberto,"6,887"
2364,miamimike,"6,885"
2365,dpospish,"6,884"
2366,VatosLocos,"6,884"
2367,aklingse,"6,879"
2368,eKing,"6,869"
2369,danieln31,"6,867"
2370,Razorronnie,"6,864"
2371,dkallday,"6,864"
2372,bigflyy,"6,858"
2373,doublesuicides,"6,853"
2374,sweeptheleg,"6,853"
2375,jmbwngfn,"6,851"
2376,cowboyron33,"6,848"
2377,soupy,"6,846"
2378,fmarriott22,"6,845"
2379,DEWNCANES,"6,845"
2380,y2knonsense,"6,844"
2381,Msmith3033,"6,836"
2382,lk2000,"6,833"
2383,zwright,"6,830"
2384,PeteTheGreek,"6,830"
2385,Roxy,"6,823"
2386,footballa629,"6,821"
2387,jms1990,"6,820"
2388,jwall1288,"6,820"
2389,bigchrislip,"6,813"
2390,Braine24,"6,812"
2391,tamarack,"6,812"
2392,PBR_United,"6,808"
2393,kevinw1013,"6,807"
2394,bgator22,"6,806"
2395,ailesSPORTS,"6,805"
2396,Dshady1,"6,802"
2397,jhfc,"6,800"
2398,nxtwrldchamp,"6,800"
2399,healwrecker,"6,796"
2400,twilkstl,"6,795"
2401,superbuckwild,"6,784"
2402,luxuriousdusti,"6,784"
2403,leroystabbins,"6,784"
2404,Malkamania71,"6,783"
2405,bbbomb,"6,781"
2406,bobbysessions,"6,772"
2407,Skeans33,"6,771"
2408,HogWild,"6,763"
2409,dinkpuppy,"6,759"
2410,bradholda,"6,759"
2411,tarheelsfan012,"6,757"
2412,DJESQUIRE,"6,757"
2413,Elitest,"6,754"
2414,Bellanca,"6,751"
2415,ej28405,"6,750"
2416,letsgobuffalo,"6,750"
2417,mkjensen22,"6,741"
2418,kalani91,"6,735"
2419,cbesch41,"6,733"
2420,erich425,"6,726"
2421,WHKO,"6,725"
2422,bobbylight88,"6,720"
2423,mbern000,"6,719"
2424,anogis,"6,715"
2425,Rgoodnight23,"6,714"
2426,Skins79,"6,714"
2427,mgz32,"6,713"
2428,Imawina77,"6,710"
2429,dwoo12,"6,710"
2430,Majorrock,"6,707"
2431,ags80,"6,706"
2432,Lafan310,"6,702"
2433,kennyd,"6,701"
2434,jpm2275,"6,701"
2435,morgk031,"6,701"
2436,jacktors,"6,699"
2437,Radar022,"6,698"
2438,bradton23,"6,696"
2439,negrojesus,"6,693"
2440,willyroto,"6,692"
2441,MedicineMan,"6,692"
2442,Creezly,"6,691"
2443,Fduca86,"6,689"
2444,garnes222,"6,688"
2445,ando526,"6,683"
2446,jewcup,"6,682"
2447,mbauler,"6,682"
2448,WingsOfPastrami,"6,680"
2449,JonnyTrueLove,"6,679"
2450,hds1986,"6,675"
